{
    "accuracy": 0.7375522004497269,
    "precision": 0.7476835352815395,
    "recall": 0.6937830687830688,
    "auc": 0.8221221690147361
}
